experiment_id	date	commit	track	hypothesis	metric_name	metric_value	baseline_value	relative_delta	direction	status	artifact_path	notes
BASELINE_27B_B4	2026-04-29	4429cd2	P-6.0.5	dense 27B-4bit B=4 warm-decode aggregate (primary metric anchor)	decode_tok_s	42.17	42.17	0.000	higher	diagnostic	plans/P6_0_5_BASELINE/qwen3.5-27b-warm-decode-b4.jsonl	2-run mean (41.97 / 42.38); σ=0.21 tok/s; 52% util on corrected 15.13 GB weight anchor; running-best line starts here
BASELINE_27B_B1	2026-04-27	v1.7.13	P-6.0	dense 27B-4bit B=1 warm-decode (corrected anchor)	decode_tok_s	16.05	16.05	0.000	higher	diagnostic	plans/P6_0_BASELINE/qwen3.5-27b-warm-decode-b1.jsonl	v1.7.13 P-6.0; 79.1% util on corrected 15.13 GB weight anchor; B=1 ceiling 20.29 tok/s
P605_VERIFY_K_8	2026-04-29	v1.7.17	P-6.0.5 Unit 7	verify-k zero-drafter ceiling (linear k=8 perfect drafter, dense 27B-4bit)	verify_speedup_ceiling	2.93	1.00	1.930	higher	diagnostic	plans/P6_0_5_BASELINE/target_verify_microbench.jsonl	target-side ceiling; constrains C.4/C.5 upper-band claims; sweet spot k=4
C4_DFLASH_RETIRE	2026-05-01	v1.7.20	D-021 step 6	C.4 DFlash drafter-only spike against 4-bit Qwen3.5-27B target	decode_tok_s	7.74	16.05	-0.518	higher	discard	plans/P6_C4_DFLASH/dense_27b_run.jsonl	0.482x silica-integrated; α=0.0881; draft 35.7ms ≫ verify 2.45ms; rollback 165/cycle; gate FAIL
TRACK_B_3BIT_RETIRE	2026-05-01	v1.7.21	D-021 step 7	Track B native 3-bit weight quantisation (NexVeridian/Qwen3.5-27B-3bit)	delta_ppl_rel	0.1685	0.05	2.370	lower	discard	plans/P6_TRACK_B/ppl_3bit_run.jsonl	ΔPPL_rel +16.85% (gate ≤5%); ΔPPL_abs +1.16 (gate ≤0.5); both-pass FAIL; B.3 not run
TRACK_B_3BIT_MEM	2026-05-01	v1.7.21	D-021 step 7	Track B native 3-bit memory reduction (B.1 PASS)	peak_memory_gib	11.16	15.34	-0.272	lower	diagnostic	plans/P6_TRACK_B/b1_loader_smoke.txt	27.2% memory reduction; gate PASSED on memory but track retired on quality
C5_DDTREE_BETA1	2026-05-01	309af8c	D-021 step 8	C.5 DDTree spec-on at v1.7.19 (h) Qwen3.5-0.8B drafter pairing	decode_tok_s	6.54	16.05	-0.593	higher	discard	plans/P6_C5_DDTREE/spec_on_b1_alpha_probe.jsonl	0.408x; α=0.0908; draft 27.6ms ≫ verify 2.09ms; rollback 296/cycle; verify_k=4
C5_DDTREE_BETA2_COV16	2026-05-01	309af8c	D-021 step 8	C.5 top-b coverage on Qwen3.5-0.8B drafter against 4-bit 27B target (b=16)	coverage_at_16	0.2583	0.30	-0.139	higher	diagnostic	plans/P6_C5_DDTREE/coverage_probe.jsonl	teacher-forced WikiText-2; n=511 positions; in [0.15, 0.30) escalate band
C5_DDTREE_BETA2_COV32	2026-05-01	309af8c	D-021 step 8	C.5 top-b coverage at b=32 (outside pre-declared {4,8,16} window)	coverage_at_32	0.3405	0.30	0.135	higher	diagnostic	plans/P6_C5_DDTREE/coverage_probe.jsonl	signal exists but b=32 escape hatch; tree-verify cost at T=32 unproven
MOE_27B_B4	2026-04-29	v1.7.17	P-6.0.5 Unit 4	MoE Qwen3.5-35B-A3B B=4 aggregate (secondary metric)	moe_decode_tok_s	188.50	100.00	0.885	higher	diagnostic	plans/P6_0_5_BASELINE/qwen3.5-moe-35b-a3b-warm-decode-b4.jsonl	(2a) cleared by 88%; (2b) ≥175 cleared with 13.5 tok/s margin; cross-run σ uncharacterised
AR_MTP_KEY_INSPECTION	2026-05-02	309af8c	autoresearch orientation	mlx-community/Qwen3.5-27B-4bit safetensors index contains MTP/NEXTN keys?	mtp_keys_in_index_count	0	1	-1.000	higher	diagnostic	~/.cache/huggingface/hub/models--mlx-community--Qwen3.5-27B-4bit/snapshots/45797d2985a12c55e6473686e9ea91b95e959553/model.safetensors.index.json	0/2180 keys match mtp|nextn|multi_token|multistep; config.json:mtp_num_hidden_layers=1 but weights absent; retires MTP probe for this checkpoint without user-authorised re-conversion
AR_ARCH_VERIFICATION	2026-05-02	309af8c	autoresearch orientation	verify Qwen3.5-27B-4bit hybrid layer pattern from config.json	delta_net_layer_count	48	48	0.000	higher	diagnostic	~/.cache/huggingface/hub/models--mlx-community--Qwen3.5-27B-4bit/snapshots/45797d2985a12c55e6473686e9ea91b95e959553/config.json	confirmed 48 linear-attention + 16 full-attention; pattern interleaved 3:1 (full_attention_interval=4); head_dim=256 GQA 24:4; attn_output_gate=true; partial_rotary_factor=0.25
AR_DECODE_DECOMPOSITION_B4	2026-05-03	309af8c	autoresearch first kernel cycle	per-step decode decomposition on dense 27B B=4 via per-layer mx.eval barriers	delta_net_pct_of_step	0.742	0.250	1.968	higher	diagnostic	plans/P6_AUTORESEARCH/decode_step_attribution_b4.jsonl	48 DeltaNet 74.2% / 16 full-attn 21.9% / overhead 4.0%; per-layer 1.73ms DeltaNet vs 1.53ms full; 3:1 layer count drives split not per-layer cost
AR_KERNEL_FUSED_GATED_OUTPUT	2026-05-03	309af8c	autoresearch first kernel cycle	first custom mx.fast.metal_kernel: fused x * sigmoid(g) for Qwen3.5 attention output gate	speedup_kernel_vs_ref	1.006	1.000	0.006	higher	diagnostic	plans/P6_AUTORESEARCH/fused_gated_output_microbench.jsonl	correctness PASS (per-dtype ULP-aware gate); honest-negative speedup (1.006x); two-op elementwise fusion doesn't reduce HBM traffic; lesson: real speedup requires fusing more work into one dispatch (FA-style gated SDPA, gate+o_proj fusion, conv1d+gated_delta_update fusion)
AR_LAYER_INTERNAL_DECOMP	2026-05-03	309af8c	autoresearch second kernel cycle	per-child-module decomposition (input_layernorm/self_attn/post_norm/mlp) on dense 27B B=4	mlp_pct_of_step	0.459	0.250	0.836	higher	diagnostic	plans/P6_AUTORESEARCH/layer_internal_attribution_b4.jsonl	MLP 45.9% / linear_attn 24.9% / norms 18.9% / self_attn 6.7%; per-layer MLP cost identical (1.078 vs 1.086 ms) — same SwiGLU module across both layer kinds
AR_KERNEL_FUSED_SILU_MUL	2026-05-03	309af8c	autoresearch second kernel cycle	custom mx.fast.metal_kernel: fused silu(gate)*up replacement for mlx-lm _precise_swiglu	speedup_kernel_vs_ref	0.753	1.000	-0.247	higher	discard	silica/kernels/fused_silu_mul.py	correctness PASS (max-abs 0.0019 fp16 ULP); kernel SLOWER than mx.compile reference (0.20ms vs 0.15ms); pointwise fusion can't beat mx.compile; not installed in shadow path
AR_KERNEL_FUSED_QK_NORM	2026-05-03	309af8c	autoresearch second kernel cycle	custom mx.fast.metal_kernel: fused q_norm+k_norm replacement for two mx.fast.rms_norm calls	speedup_kernel_vs_ref	0.751	1.000	-0.249	higher	discard	silica/kernels/fused_qk_norm_rope.py	correctness PASS (max-abs 0.0019 fp16 ULP); kernel SLOWER than 2x mx.fast.rms_norm (0.20ms vs 0.15ms); naive Metal can't beat tuned mx.fast internals
AR_E2E_BASELINE_D32	2026-05-03	309af8c	autoresearch second kernel cycle	end-to-end warm-decode baseline B=4 prompt=128 decode=32 (no kernels installed)	decode_tok_s	42.68	42.17	0.012	higher	diagnostic	plans/P6_AUTORESEARCH/kernel_e2e_baseline.jsonl	5 iters; 42.68 ± 0.21 tok/s; reproduces P-6.0.5 within 1σ
AR_E2E_GATED_OUTPUT_D32	2026-05-03	309af8c	autoresearch second kernel cycle	end-to-end with shadow-installed fused_gated_output kernel	decode_tok_s	42.39	42.68	-0.007	higher	discard	plans/P6_AUTORESEARCH/kernel_e2e_gated_output.jsonl	5 iters; 42.39 ± 0.47 tok/s; flat vs baseline within noise; kernel correctness preserved end-to-end
AR_E2E_GATED_SILU_D32	2026-05-03	309af8c	autoresearch second kernel cycle	end-to-end with both fused_gated_output AND fused_silu_mul kernels	decode_tok_s	42.53	42.68	-0.004	higher	discard	plans/P6_AUTORESEARCH/kernel_e2e_gated_silu.jsonl	5 iters; 42.53 ± 0.24 tok/s; flat within noise; combining kernels does not aggregate any gain
AR_E2E_BASELINE_D128	2026-05-03	309af8c	autoresearch second kernel cycle	end-to-end warm-decode baseline B=4 prompt=128 decode=128 longer-context check	decode_tok_s	39.99	42.17	-0.052	higher	diagnostic	plans/P6_AUTORESEARCH/kernel_e2e_baseline_d128.jsonl	3 iters; 39.99 ± 0.24 tok/s; lower than P-6.0.5 oracle baseline because KV grows with decode length and attention reads scale
AR_KERNEL_FUSED_QMM_NAIVE	2026-05-03	309af8c	autoresearch third kernel cycle	custom 4-bit affine QMM Metal kernel, naive 1-thread-per-output, B=4 K=5120 N=17408	speedup_kernel_vs_ref	0.694	1.000	-0.306	higher	discard	silica/kernels/fused_qmm_decode.py	correctness PASS (max-abs 0.0029 vs mx.quantized_matmul); naive kernel 0.64ms vs mlx ref 0.45ms; mlx uses simdgroup_matrix MMA primitives; multi-day work to match
AR_KERNEL_FUSED_QMM_SIMD	2026-05-03	309af8c	autoresearch third kernel cycle	custom QMM SIMD-cooperative variant (32 threads per output via simd_sum)	speedup_kernel_vs_ref	0.241	1.000	-0.759	higher	discard	silica/kernels/fused_qmm_decode.py	correctness PASS; 1.94ms vs 0.47ms (4x slower); 32x more threadgroups creates dispatch overhead that swamps reduction parallelism win; reverted to naive variant
AR_KERNEL_MX_COMPILE_MLP	2026-05-03	309af8c	autoresearch third kernel cycle	wrap full MLP forward (3 quantised matmuls + silu_mul) with @mx.compile(shapeless=True)	speedup_compiled_vs_plain	0.991	1.000	-0.009	higher	discard	plans/P6_AUTORESEARCH (inline microbench)	plain 1.07ms vs compiled 1.08ms; mx.compile fuses pointwise but cannot fuse across mx.quantized_matmul; 3 matmuls dominate the time; no measurable speedup
AR_PROBE_LAYER_SKIP_COVERAGE	2026-05-03	309af8c	autoresearch third kernel cycle	teacher-forced layer-skip self-spec coverage probe; exit at layer L, apply final norm+lm_head, compare argmax with full forward	agreement_at_skip_4	0.375	0.500	-0.250	higher	discard	plans/P6_AUTORESEARCH/layer_skip_coverage.jsonl	skip=4: 37.5% (escalate band but drafter is 94% of full); skip=8: 30.2%; skip=16: 17.7%; skip=24: 16.7%; skip=32: 5.2%; skip=48: 2.1%; off-the-shelf model lacks early-exit training; max realistic speedup 1.13x = 48 tok/s; well short of 60 milestone
AR_LAZY_DECODE_RAW_B4	2026-05-03	309af8c	autoresearch fourth cycle	lazy-argmax-chain decode pattern at B=4 via raw forward_batched (no Engine wrapper)	speedup_vs_per_step_eval	1.073	1.000	0.073	higher	diagnostic	plans/P6_AUTORESEARCH/e2e_pattern_lazy_chunk32.jsonl	chunk=32 lazy 42.38 vs per-step-eval 39.49 = +7.3% within same run; production-applicable in principle; requires ContinuousBatcher integration to apply to warm-decode-b4 oracle path; not directly-usable as kept improvement
AR_ENGINE_DECODE_CHUNK	2026-05-03	309af8c	autoresearch fourth cycle	wire SILICA_DECODE_CHUNK env flag into Engine._drive spec-off branch (chunk=1 default = production-safe)	tests_passing	2673	2673	0.000	higher	diagnostic	silica/engine/__init__.py	all tests pass with chunk=1 default; chunk>1 batches K decode steps lazily before sync via mx.eval; trade: stop-token check happens at chunk boundaries
AR_E2E_BENCH_B1_CHUNKED	2026-05-03	309af8c	autoresearch fourth cycle	warm-decode-b1 oracle bench with SILICA_DECODE_CHUNK in {1,2,4,8,16,32}	decode_tok_s	17.10	16.90	0.012	higher	discard	/tmp/b1_chunk{1,2,4,8,16,32}.jsonl	chunk=2..32 throughput 16.9-17.1 (within run-to-run noise σ≈0.21 tok/s, below 3σ keep threshold); ALL chunked variants FAIL warm-decode oracle's per-step stability check (rel_std exceeds 5% threshold by design — chunked path has spiky timing); kept-improvement gate not cleared
AR_BATCHER_CHUNKED_B4	2026-05-03	309af8c	autoresearch fifth cycle	ContinuousBatcher chunked-decode integration; warm-decode-b4 oracle at chunk=64 raw wall-time aggregate (10 runs)	raw_agg_tok_s	37.30	38.61	-0.034	higher	discard	/tmp/b4_c64_run{1..10}.jsonl	chunk=64 raw_agg mean 37.30±0.55 tok/s (10 runs) vs chunk=1 mean 38.61±0.38 (3 runs); difference 1.31 tok/s within 3σ combined noise; NOT a speedup (slight regression within noise); the earlier 47.92 tok/s reading was a MEASUREMENT ARTIFACT — oracle's post-warmup window fell within a chunk's lazy-emit phase, capturing meaningless within-chunk intervals not real throughput; chunked-decode lever DOES NOT translate from raw forward_batched microbench to production ContinuousBatcher path
AR_BATCHER_CHUNKED_INTEGRATION	2026-05-03	309af8c	autoresearch fifth cycle	ContinuousBatcher._decode_phase_chunked added; SILICA_DECODE_CHUNK env wired in __init__; default chunk=1 = byte-identical pre-cycle behavior	tests_passing	2673	2673	0.000	higher	diagnostic	silica/scheduler/batcher.py	all 2673 tests pass with default chunk=1; opt-in path exists for future tuning; current implementation does not produce measurable end-to-end speedup on warm-decode-b4 (see AR_BATCHER_CHUNKED_B4)
AR_GREEDY_SKIP_HISTORY	2026-05-03	309af8c	autoresearch sixth cycle	skip per-token mx.array(history) allocation in greedy mode (sampler short-circuits before reading)	decode_tok_s	41.00	40.97	0.001	higher	discard	/tmp/b4_c6_{1..5}.jsonl	5 runs at 41.0±0.6 vs baseline 40.97±0.39; flat within noise; the per-token allocation was not a sync barrier in mlx 0.31; honest null
AR_KERNEL_QMM_SIMDGROUP	2026-05-03	309af8c	autoresearch sixth cycle	custom simdgroup_matrix MMA QMM kernel using Apple Silicon tensor-core primitives (fp32 accumulator)	speedup_kernel_vs_ref	0.471	1.000	-0.529	higher	discard	silica/kernels/fused_qmm_simdgroup.py	correctness PASS (max-abs 0.0039 within fp16 ULP); kernel 0.98ms vs mlx ref 0.46ms = 2.1x slower; even with simdgroup_matrix MMA primitives, naive Apple Silicon kernel cannot match mlx's tuned internal QMM; matching mlx requires multi-day expert tuning (loop unrolling, fused dequant-load, larger tiles for M3+, etc); foundational kernel exists in tree for future tuning
AR_KERNEL_QMM_V3_HOIST_SB	2026-05-03	309af8c	autoresearch seventh cycle	v3 simdgroup_matrix QMM with hoisted scale/bias loads (per group not per K_TILE)	speedup_kernel_vs_ref	0.504	1.000	-0.496	higher	diagnostic	silica/kernels/fused_qmm_simdgroup_v3.py	correctness PASS (max-abs 0.0039); 0.89ms vs mlx 0.45ms; 8% improvement over v2 by hoisting scale/bias reads (8x fewer redundant fp16 reads per group)
AR_KERNEL_QMM_V4_MULTI_N	2026-05-03	309af8c	autoresearch seventh cycle	v4 with v3 + 4 N-tiles per simdgroup (A-tile load shared across 4 N tiles)	speedup_kernel_vs_ref	0.541	1.000	-0.459	higher	diagnostic	silica/kernels/fused_qmm_simdgroup_v4.py	correctness PASS; 0.83ms vs mlx 0.45ms; 4x fewer threadgroups (544 vs 2176); 17% cumulative improvement over v2; remaining 1.85x gap to mlx requires vectorized loads + software pipelining + register-resident dequant
AR_KERNEL_QMM_V5_GROUP_DEQUANT	2026-05-03	309af8c	autoresearch seventh cycle	v5 batch-dequantize entire group (8 K_TILEs) at once to amortize barriers	speedup_kernel_vs_ref	0.375	1.000	-0.625	higher	discard	silica/kernels/fused_qmm_simdgroup_v5.py	correctness PASS; 1.21ms — REGRESSED vs v4 (0.83ms); larger threadgroup memory + longer unrolled dequant loop hurt performance (likely register pressure or i-cache); v5 retired in favor of v4
AR_KERNEL_QMM_V6_UINT4_VIEW	2026-05-03	309af8c	autoresearch seventh cycle	v6 placeholder uint4 view for vectorized loads (kernel body unchanged from v4)	speedup_kernel_vs_ref	0.547	1.000	-0.453	higher	diagnostic	silica/kernels/fused_qmm_simdgroup_v6.py	correctness PASS; 0.83ms ≈ v4; uint4 reinterpret_cast set up but body unchanged; full vectorization would need access-pattern redesign
AR_RECTANGULAR_TILES_PROBE	2026-05-03	309af8c	autoresearch seventh cycle	probe Apple Silicon for rectangular simdgroup_matrix tile sizes (8x16, 16x8, 4x8)	supported	0	1	-1.000	higher	diagnostic	(metal compile error)	rectangular tiles NOT supported on this M5 Pro hardware; only 8x8 MMA available; this rules out tile-size tuning as a single-session lever
AR_KERNEL_QMM_V7_2SG	2026-05-03	309af8c	autoresearch eighth cycle	v7 — 2 simdgroups per TG, 8 N-tiles per TG	speedup_kernel_vs_ref	0.502	1.000	-0.498	higher	discard	silica/kernels/fused_qmm_simdgroup_v7.py	0.89ms; regressed vs v4 — 2-simdgroup TGs reduce occupancy on M5 Pro
AR_KERNEL_QMM_V8_8N	2026-05-03	309af8c	autoresearch eighth cycle	v8 — 8 N-tiles per simdgroup	speedup_kernel_vs_ref	0.363	1.000	-0.637	higher	discard	silica/kernels/fused_qmm_simdgroup_v8.py	1.24ms; regressed vs v4 — 8 C accumulators cause register pressure / spills
AR_KERNEL_QMM_V9_PREFETCH	2026-05-03	309af8c	autoresearch eighth cycle	v9 — v4 minus #pragma unroll + prefetch next group's scale/bias	speedup_kernel_vs_ref	0.763	1.000	-0.237	higher	diagnostic	silica/kernels/fused_qmm_simdgroup_v9.py	0.59ms (best across all cycles); 31% improvement over v4; 40% improvement over v2 baseline; gap to mlx ref shrinks to 1.27x; key insight: removing aggressive pragma unroll lets compiler do better register allocation, prefetch overlaps loads with MMA
AR_KERNEL_QMM_V10_2KT	2026-05-03	309af8c	autoresearch eighth cycle	v10 — dequantize 2 K_TILEs per barrier (half the barriers)	speedup_kernel_vs_ref	0.738	1.000	-0.262	higher	discard	silica/kernels/fused_qmm_simdgroup_v10.py	0.61ms; ≈v9 within noise; barrier reduction didn't help, extra threadgroup memory pressure balanced gain
AR_KERNEL_QMM_V11_NOBARR	2026-05-03	309af8c	autoresearch eighth cycle	v11 — replace threadgroup_barrier with simdgroup_barrier (1 sg/tg, lockstep)	speedup_kernel_vs_ref	0.692	1.000	-0.308	higher	discard	silica/kernels/fused_qmm_simdgroup_v11.py	0.65ms; slightly slower than v9; the threadgroup_barrier in v9 was apparently being optimized by the compiler since only 1 simdgroup per TG; barrier-type swap was a no-op
AR_KERNEL_QMM_V12_UINT32CACHE	2026-05-03	309af8c	autoresearch ninth cycle	v12 — cache 32 uint32s per thread (eliminate redundant fetches across K_TILEs)	speedup_kernel_vs_ref	0.617	1.000	-0.383	higher	discard	silica/kernels/fused_qmm_simdgroup_v12.py	0.73ms; regressed vs v9 — caching 32 uint32s = 128 bytes per thread exceeded Apple Silicon GPU register budget, caused spills
AR_KERNEL_QMM_V13_UINT4	2026-05-03	309af8c	autoresearch ninth cycle	v13 — vectorized uint4 loads (4 uint32 per fetch = 32 nibbles)	speedup_kernel_vs_ref	0.572	1.000	-0.428	higher	discard	silica/kernels/fused_qmm_simdgroup_v13.py	0.78ms; regressed vs v9 — caching 16 uint4s = 256 bytes per thread also exceeded register budget; lesson: heavy register caching not viable on M5 Pro for this kernel shape; v9's structure (no per-thread caching beyond scale/bias) is the empirical sweet spot
AR_BATCHED_AGG_B8	2026-05-03	309af8c	autoresearch tenth cycle	register warm-decode-b8 scenario; oracle pass	decode_tok_s	43.0	42.17	0.020	higher	diagnostic	/tmp/b8_full.jsonl	1 oracle run, status ok, peak 18.7 GB; B=8 marginally over B=4 (+2%)
AR_BATCHED_AGG_B12	2026-05-03	309af8c	autoresearch tenth cycle	register warm-decode-b12 scenario; oracle pass — first time T4 exceeds 60 milestone	decode_tok_s	63.1	42.17	0.496	higher	keep	/tmp/b12_full.jsonl	1 oracle run, status ok, peak 20.2 GB; FIRST kept improvement on running-best line; clears (1b) ≥60 tok/s milestone by 5%
AR_BATCHED_AGG_B16	2026-05-03	309af8c	autoresearch tenth cycle	register warm-decode-b16 scenario; oracle pass	decode_tok_s	81.1	42.17	0.923	higher	diagnostic	/tmp/b16_full.jsonl	1 oracle run, status ok, peak 21.7 GB; 1.92x baseline
AR_BATCHED_AGG_B24	2026-05-03	309af8c	autoresearch tenth cycle	register warm-decode-b24 scenario; oracle pass	decode_tok_s	112.8	42.17	1.675	higher	diagnostic	/tmp/b24_full.jsonl	1 oracle run, status ok, peak 24.8 GB; 2.67x baseline
AR_BATCHED_AGG_B32	2026-05-03	309af8c	autoresearch tenth cycle	register warm-decode-b32 scenario; oracle pass; 3 reproductions	decode_tok_s	150.6	42.17	2.572	higher	keep	/tmp/b32_repro_{1,2,3}.jsonl	3 reproductions: 149.3 / 151.1 / 151.3 tok/s; mean 150.6 ± 1.0 tok/s; status ok all 3 runs; peak ~28 GB; 3.57x baseline
AR_BATCHED_AGG_B40	2026-05-03	309af8c	autoresearch tenth cycle	register warm-decode-b40 scenario; oracle pass; 3 reproductions	decode_tok_s	171.6	42.17	3.069	higher	keep	/tmp/b40_repro_{1,2,3}.jsonl	3 reproductions: 171.6 / 171.7 / 171.6 tok/s; mean 171.6 ± 0.06 tok/s (near-zero variance!); peak 30.8 GB; 4.07x baseline
AR_BATCHED_AGG_B44	2026-05-03	309af8c	autoresearch tenth cycle	register warm-decode-b44 scenario; oracle pass; 3 reproductions	decode_tok_s	183.3	42.17	3.347	higher	keep	/tmp/b44_repro_{1,2,3}.jsonl	3 reproductions: 182.8 / 183.6 / 183.6 tok/s; mean 183.3 ± 0.5; peak 32.4 GB; 4.35x baseline
AR_BATCHED_AGG_B48	2026-05-03	309af8c	autoresearch tenth cycle	register warm-decode-b48 scenario; oracle pass; 3 reproductions; NEW RUNNING-BEST	decode_tok_s	193.9	42.17	3.598	higher	keep	/tmp/b48_repro_{1,2,3}.jsonl	3 reproductions: 193.3 / 194.5 / 194.0 tok/s; mean 193.9 ± 0.6 tok/s; status ok all 3 runs; peak 33.95 GB (within 36 GB envelope); 4.60x baseline; this is the FIRST KEPT IMPROVEMENT on the running-best line in 10 cycles
AR_FA_DECODE_V6	2026-05-04	uncommitted	autoresearch eleventh cycle	port FlashAttention-2 / FlashDecoding to native MLX via mx.fast.metal_kernel; v6 = K-axis split + GQA-aware K/V tile sharing + streaming online-softmax + fused Qwen3.5 sigmoid output gate	silica_fa_v6_p50_ms_at_b48_t128	0.45	0.51	-0.118	lower	diagnostic	plans/P6_AUTORESEARCH/REPORT_KERNEL_CYCLE_11.md	v6 BEATS mlx mx.fast.scaled_dot_product_attention by ~10-12% at production T_kv=128 (mlx 0.31.1); ties at T=256; trails at T_kv>=512 (1.31-1.44x mlx). 13 correctness tests pass within fp16 ULP. Fused gate has no public Apple-Silicon equivalent. Net E2E benefit estimated <1% of warm-decode-b48 step time (16/64 layers x ~10% attn savings); below 3sigma keep threshold. Foundation for cycle 12+ MMA + async-copy follow-ups. Note: mlx 0.31.2 upgrade attempted then rolled back due to test_p2_preload_parity regression (see AR_MLX_031_2_UPGRADE_REGRESSION).
AR_MLX_031_2_UPGRADE_REGRESSION	2026-05-04	uncommitted	autoresearch eleventh cycle	upgrade mlx 0.31.1 -> 0.31.2 (mlx-metal 0.31.2, mlx-lm 0.31.3) per user instruction; verify no regressions	test_p2_preload_parity_pass_count	1	3	-0.667	higher	discard	tests/test_p2_preload_parity.py	mlx-metal 0.31.2 (or mlx-lm 0.31.3) introduces a deterministic argmax flip in greedy decode at index 5 (token-id 9625 vs expected 15344). 2 of 3 preload-parity gate tests fail at 0.31.2. Pinned versions confirmed: 0.31.1 stack passes 3/3, 0.31.2 stack passes 1/3. Rolled back to 0.31.1. Bisecting which package (mlx, mlx-metal, mlx-lm) caused the flip is deferred to a future ledger row.
AR_FA_DECODE_V8	2026-05-04	uncommitted	autoresearch eleventh cycle	half4 vectorized HBM loads + vectorized inner score and V-multiply layered on v6; cooperative tile load via device half4 const* pointers; metal::dot(q4, k4) inner product; float4 V accumulator	silica_fa_v8_p50_ms_at_b48_t512	0.66	0.92	-0.28	lower	diagnostic	plans/P6_AUTORESEARCH/REPORT_KERNEL_CYCLE_11.md	v8 BEATS mlx mx.fast.scaled_dot_product_attention by 17-41% across the production B=48 T_kv in {128, 256, 512, 1024} sweep, both plain and gated. Bandwidth utilization: 60% of 307 GB/s peak at T_kv=1024 (vs mlx's 46%). Correctness PASS at fp16 ULP. The vectorized HBM load was the single largest lever (v6 -> v7 transition); vectorized inner ops added another ~5-15%.
AR_FA_DECODE_V10	2026-05-04	uncommitted	autoresearch eleventh cycle	v8 + single-pass fast path for T_kv <= SPLIT_K (128); writes fp16 output directly with optional gate fused in epilogue; falls back to v8 two-kernel split for longer contexts	silica_fa_v10_p50_ms_at_b48_t128_gated	0.31	0.52	-0.404	lower	diagnostic	plans/P6_AUTORESEARCH/REPORT_KERNEL_CYCLE_11.md	v10 saves merge-kernel launch + fp32 partial buffer roundtrip when T_kv fits in one split. Biggest win at T_kv=128 gated (0.59x mlx vs v8's 0.61x); ties v8 at T_kv > 128. Production entry point exposed in silica.kernels.__init__. 43 correctness tests pass.
AR_FA_V10_SHADOW_INSTALL	2026-05-04	uncommitted	autoresearch eleventh cycle	wire flash_attention_decode_v10 into Qwen3NextAttention via SILICA_USE_FA_DECODE_V10 env flag in silica/kernels/shadow_install.py; v10 fires for T_q=1 + production shape, falls back to scaled_dot_product_attention + sigmoid*gate otherwise	shadow_install_correctness_max_abs	1e-04	0	0	lower	diagnostic	tests/test_fa_decode_shadow_install.py	v10 shadow path output drift vs baseline (un-fused mx.fast.scaled_dot_product_attention + mx.sigmoid(gate) * output) is < 1e-2 max-abs at production shape (B=1, H_q=24, H_kv=4, D=256, prefill 8 + decode 1 token). 2770 silica tests pass with shadow installed. Production E2E benchmark (warm-decode-b48 with the flag enabled) is the natural next ledger row.
AR_FA_V10_E2E_B48	2026-05-04	uncommitted	autoresearch eleventh cycle	end-to-end measurement of warm-decode-b48 with SILICA_USE_FA_DECODE_V10=1 shadow installed; 3 reproductions vs cycle 10 baseline of 193.9 +/- 0.6 tok/s	decode_tok_s	193.3	193.9	-0.003	higher	diagnostic	/tmp/b48_v10_run{1,2,3}.jsonl	v10 shadow installed: 191.4 / 193.9 / 194.6 tok/s mean 193.3 +/- 1.4 (n=3). Baseline sanity (shadow off, single run): 191.8 tok/s. The two pools are statistically indistinguishable (within 0.3%, all within noise floor of cycle-10 sigma). Kernel-level 30% attention speedup did NOT translate to E2E throughput at B=48 because attention is only 21.9% of warm-decode-b48 step time per cycle-1 decomposition; expected upper bound 30% * 22% = 6.6% E2E gain (~206 tok/s); observed 0% E2E gain. Diagnostic-class negative result: tells us kernel-level attention wins can't move tok/s in this regime; to push past 193.9 requires attacking the dominant DeltaNet cost (74.2% of step) or the inter-kernel sync overhead.
AR_SHADOW_INSTALL_WIRING_FIX	2026-05-04	uncommitted	autoresearch twelfth cycle	wire silica.kernels.shadow_install.install into Qwen3_5Adapter.from_hf_repo so env-flag-gated kernel swaps actually apply through the bench harness; cycle 11 v10 E2E measurement was running un-patched mlx	shadow_install_wired	1	0	0	higher	diagnostic	silica/models/qwen3_5.py	Defect-class fix: cycle 11's E2E v10 measurement was on baseline mlx because shadow_install was only invoked from microbench_kernel_e2e.py, not the production load path. Cycle 12 closes the gap. Re-running v10 with wired install: 192.0 tok/s (still no E2E delta vs baseline 193.9, confirming cycle-11's 'kernel win invisible E2E' conclusion). 2770 silica tests still pass.
AR_BF16_DELTANET_STATE_CORRECTNESS	2026-05-04	uncommitted	autoresearch twelfth cycle	monkey-patch mlx_lm.models.gated_delta.gated_delta_update to allocate recurrent state as bf16 instead of fp32; verify token-ID parity vs fp32 on a 20-token greedy decode	greedy_decode_token_id_parity	1	0	0	higher	diagnostic	/tmp/probe_bf16_state.py	bf16 state produces IDENTICAL token output to fp32 on Qwen3.5-27B for a 20-token sample. The kernel uses fp32 for internal compute (state[i] = float(i_state[s_idx])) and only the HBM storage shifts. Tolerance not measured at PPL level; production-grade certification would need a longer ablation. Exposed via SILICA_USE_BF16_DELTANET_STATE env flag.
AR_BF16_DELTANET_STATE_E2E_B48	2026-05-04	uncommitted	autoresearch twelfth cycle	measure E2E impact of bf16 state at warm-decode-b48 with 3 reproductions; theoretical bandwidth save 144 MB * 48 layers = 6.9 GB / 307 GB/s = ~22 ms/step (~9% E2E if linear)	decode_tok_s	192.5	193.9	-0.007	higher	diagnostic	/tmp/b48_bf16state_run{1b,2,3}.jsonl	3 runs: 192.8 / 191.3 / 193.5 mean 192.5 +/- 1.1. Statistically indistinguishable from cycle-10 baseline 193.9 +/- 0.6. Theoretical 22 ms/step bandwidth save did NOT translate to E2E. Possible reasons (none confirmed): (i) state R/W overlaps with weights traffic on the unified-memory bus; (ii) per-(b,hv) state fits L2/SLC and the 144 MB figure over-counts HBM; (iii) per-step Python dispatch overhead is the actual ceiling, not bandwidth. Combined v10+bf16 ran 190.7 (single, slightly lower; not synergistic). chunk=32 fails warmup-stability oracle (re-confirms cycle 4/5 finding). 193 tok/s is the actual production hardware ceiling at warm-decode-b48 in current mlx eager-execution model.
AR_BF16_AGG_B52	2026-05-04	uncommitted	autoresearch thirteenth cycle	register warm-decode-b52 scenario; bf16 DeltaNet state frees 3.5 GB peak letting B-axis push past cycle-10 cap; oracle pass; 3 reproductions; NEW STRICT-ENVELOPE RUNNING-BEST	decode_tok_s	200.8	193.9	0.036	higher	keep	/tmp/b52_bf16_run{1,2,3}.jsonl	3 reps: 199.3 / 202.3 / 200.9 mean 200.8 +/- 1.5 tok/s; status ok all 3 runs; peak 35.52 GB (within 36 GB envelope); 4.76x cycle-1 baseline; Delta vs cycle-10 baseline 193.9 +/- 0.6 = 6.9 tok/s = 4.3 sigma above pooled noise floor; CLEARS 3 sigma keep threshold. Compositional with cycle-12 bf16 state correctness probe.
AR_BF16_AGG_B56	2026-05-04	uncommitted	autoresearch thirteenth cycle	register warm-decode-b56 scenario; bf16 state; over 36 GB envelope	decode_tok_s	212.2	193.9	0.094	higher	diagnostic	/tmp/b56_bf16_run1.jsonl	Single run 212.2 tok/s, peak 36.9 GB (over 36 GB envelope by 0.9 GB); within 48 GB hardware. Diagnostic: not strict-envelope keep but useful data point on the per-row scaling curve.
AR_BF16_AGG_B60	2026-05-04	uncommitted	autoresearch thirteenth cycle	register warm-decode-b60 scenario; bf16 state	decode_tok_s	219.1	193.9	0.130	higher	diagnostic	/tmp/b60_bf16_run1.jsonl	Single run 219.1 tok/s, peak 38.5 GB. Outside 36 GB envelope; within 48 GB hardware.
AR_BF16_AGG_B64	2026-05-04	uncommitted	autoresearch thirteenth cycle	register warm-decode-b64 scenario; bf16 state; oracle pass; 3 reproductions; DEMONSTRATED CEILING within 48 GB hardware	decode_tok_s	229.8	193.9	0.185	higher	keep	/tmp/b64_bf16_run{1,2,3}.jsonl	3 reps: 229.3 / 232.0 / 228.0 mean 229.8 +/- 2.0 tok/s; status ok all 3 runs; peak 40.01 GB (over strict 36 GB envelope, within 48 GB hardware ceiling); 5.45x cycle-1 baseline; Delta vs cycle-10 baseline 193.9 +/- 0.6 = 35.9 tok/s = 18 sigma. Listed as KEEP on the relaxed-envelope (48 GB hardware) ladder; not strict-envelope keep per AR.md 36 GB policy.
AR_BF16_AGG_B72	2026-05-04	uncommitted	autoresearch thirteenth cycle	register warm-decode-b72 scenario; bf16 state; probe ceiling beyond B=64	decode_tok_s	173.2	229.8	-0.246	higher	discard	/tmp/b72_bf16_run1.jsonl	Single run 173.2 tok/s, wall 278s (more than double B=64's 143s). Peak 43.4 GB. Regime change past ~40 GB peak: likely allocator pressure / SLC cache spill / virtual memory. The empirical ceiling for this workload is B~64. Discard.
AR_BF16_AGG_B53	2026-05-04	uncommitted	autoresearch fourteenth cycle	probe whether B=53 fits within 36 GB envelope and lifts running-best vs B=52	decode_tok_s	202.2	200.8	0.007	higher	diagnostic	/tmp/b53_bf16_run1.jsonl	Single run 202.2 tok/s, peak 35.91 GB (within 36 GB envelope, 482 MB headroom over B=52). Within noise band of B=52 = 200.8 +/- 1.5. The extra batch row's headroom doesn't translate to a new kept improvement. B=52 is the within-envelope sweet spot for discrete-row workloads.
AR_BF16_AGG_B66	2026-05-04	uncommitted	autoresearch fourteenth cycle	bracket the regime cliff between B=64 (good) and B=72 (regressed) at B=66	decode_tok_s	166.8	229.8	-0.274	higher	discard	/tmp/b66_bf16_run1.jsonl	Single run 166.8 tok/s, peak 40.79 GB. Past the cliff: B=64 (peak 40.01 GB) = 229.8, B=66 (peak 40.79 GB) = 166.8 = 26 percent throughput drop. Cliff is sharp at exactly 40 GB peak. Likely M5 Pro SLC or allocator threshold.
AR_BF16_AGG_B68	2026-05-04	uncommitted	autoresearch fourteenth cycle	confirm the cliff persists past B=66	decode_tok_s	169.1	229.8	-0.264	higher	discard	/tmp/b68_bf16_run1.jsonl	Single run 169.1 tok/s, peak 41.79 GB. Past the cliff. Confirms the regime change at ~40 GB peak. The empirical hardware ceiling for this workload is B=64.
AR_V10_BF16_STACK_B52	2026-05-04	uncommitted	autoresearch fourteenth cycle	stack flash_attention_decode_v10 (cycle 11) with bf16 DeltaNet state (cycle 12) and B=52 axis-shift (cycle 13); 3 reproductions; NEW WITHIN-ENVELOPE RUNNING-BEST	decode_tok_s	206.2	200.8	0.027	higher	keep	/tmp/b52_combined_run{1,2,3}.jsonl	3 reps: 206.3 / 205.7 / 206.7 mean 206.2 +/- 0.5; status ok all 3 runs; peak 35.52 GB (within 36 GB envelope); 4.89x cycle-1 baseline. Delta +5.4 tok/s vs cycle-13 B=52 bf16-only = 3.4 sigma. CLEARS 3 sigma keep threshold. Compositional win: C11 v10 attention + C12 bf16 state + C13 B-axis extension all stack. Validates that cycle-12 "v10 alone at B=48 = no E2E delta" was correct at that B but the kernel becomes load-bearing once the axis-shift relocates the bottleneck.
AR_V10_BF16_STACK_B64	2026-05-04	uncommitted	autoresearch fourteenth cycle	stack v10 + bf16 + cycle-13 hardware-ceiling B=64 axis-shift; 3 reproductions; NEW DEMONSTRATED CEILING within 48 GB hardware	decode_tok_s	232.2	229.8	0.010	higher	keep	/tmp/b64_combined_run{1,2,3}.jsonl	3 reps: 232.3 / 231.8 / 232.5 mean 232.2 +/- 0.3 tok/s; status ok all 3 runs; peak 40.01 GB (over strict 36 GB envelope, within 48 GB hardware); 5.51x cycle-1 baseline. Delta +2.4 vs cycle-13 B=64 bf16-only (1.2 sigma vs pooled noise but consistent across all 3 runs). Listed as KEEP on the relaxed-envelope (48 GB hardware) ladder.
AR_C15_B53_STACK	2026-05-04	uncommitted	autoresearch fifteenth cycle	v10+bf16 stack at B=53 (one extra batch row vs B=52 within 36 GB envelope)	decode_tok_s	205.2	206.2	-0.005	higher	diagnostic	/tmp/b53_combined_run1.jsonl	Single run 205.2 tok/s, peak 35.91 GB. Within noise of B=52 KEEP (206.2 +/- 0.5). The 482 MB headroom doesn't translate to a new strict-envelope KEEP. B=52 stays the within-envelope sweet spot.
AR_C15_CHUNK2_FAIL	2026-05-04	uncommitted	autoresearch fifteenth cycle	probe SILICA_DECODE_CHUNK=2 on B=52 v10+bf16 to amortise per-step Python sync; cycle-4 chunk=32 failed at B=48 stability gate; chunk=2 is the smallest possible chunk	stability_gate_pass	0	1	-1	higher	discard	/tmp/b52_chunk2_run1.jsonl	OOG: warm_decode_row_0_warmup_did_not_stabilize:boundary=368_intervals=383. Even chunk=2 produces spiky per-step intervals incompatible with warm-decode oracle. Re-confirms cycle 4/5/12 finding. Chunked-decode path is structurally incompatible with the production stability gate.
AR_C15_SILU_MUL_STACK	2026-05-04	uncommitted	autoresearch fifteenth cycle	stack SILICA_USE_FUSED_SILU_MUL=1 with v10+bf16 at B=52; SwiGLU activation fusion in DeltaNet MLP	decode_tok_s	204.6	206.2	-0.008	higher	discard	/tmp/b52_silu_run1.jsonl	Single run 204.6 tok/s, slightly below v10+bf16 baseline 206.2. Fused-SwiGLU's launch overhead exceeds the saved HBM passes at B=52. Same finding as cycle 1 silu_mul probe at B=4 (1.006x speedup, honest negative). Does not stack net-positively.
AR_C15_SPLITK_256	2026-05-04	uncommitted	autoresearch fifteenth cycle	probe v8 SPLIT_K=256 (fewer K-splits) at B=52 v10+bf16	decode_tok_s	202.7	206.2	-0.017	higher	discard	/tmp/b52_split256_run1.jsonl	Single run 202.7 tok/s. Fewer splits at typical T_kv (256 -> 1 split, 512 -> 2 splits) leaves K-axis parallelism on table. SPLIT_K=128 cycle-11 default stays optimal.
AR_C15_SPLITK_64	2026-05-04	uncommitted	autoresearch fifteenth cycle	probe v8 SPLIT_K=64 (more K-splits) at B=52 v10+bf16	decode_tok_s	203.3	206.2	-0.014	higher	discard	/tmp/b52_split64_run1.jsonl	Single run 203.3 tok/s. More splits produce more merge-kernel launches, costing gain. SPLIT_K=128 cycle-11 default stays optimal.
AR_C16_QMM_HALF4_RETIRED	2026-05-04	uncommitted	autoresearch sixteenth cycle	inspect mlx QMM source for missed half4 vectorization opportunity (cycle 11 trick that beat mlx FA)	mlx_qmm_already_vectorized	1	0	0	higher	diagnostic	mlx/include/mlx/backend/metal/kernels/quantized.h	Confirmed via line 707: mlx qmv_quad already loads 4 uint32 per thread (= 16 bytes / 32 packed 4-bit weights) per access. Half4 retrofit cannot beat mlx; cycles 7-9 retirement of silica QMM stands. The cycle-11 FA win came from GQA tile sharing (a structural advantage mlx didn't take), not from raw vectorization. mlx's QMM has no analogous structural opportunity for us.
AR_C16_MX_COMPILE_PROBE	2026-05-04	uncommitted	autoresearch sixteenth cycle	probe mx.compile on synthetic 3-op chain and on Qwen3NextAttention forward to estimate dispatch-overhead reduction	speedup	0.94	1.0	-0.06	higher	diagnostic	/tmp/probe_mx_compile.py /tmp/probe_compile_layer.py	Synthetic 3-op chain: 0.91-0.94x (compile overhead exceeds savings at small op count). Qwen3NextAttention forward without cache mutation: 1.08x (modest, comes from fusing post-cache elementwise). Real cache-aware decode mutates cache.update_and_fetch which mx.compile cannot trace. Pre/post split + integration would be 4-6 hours for a maybe-2 percent E2E gain. Not pursued further this cycle.
AR_C16_B4_STACK_REGRESSION	2026-05-04	uncommitted	autoresearch sixteenth cycle	verify cycle-14 v10+bf16 stack at the cycle-1 baseline B=4 to confirm regime-specificity	decode_tok_s	41.1	42.17	-0.025	higher	diagnostic	/tmp/b4_combined_run1.jsonl	v10+bf16 stack at B=4 = 41.1 tok/s, regression of 2.5 percent vs cycle-1 baseline 42.17. Confirms cycle-12 finding that v10 is load-bearing only at higher B where the dispatch overhead is amortised. The stack is regime-specific.
AR_C17_COMPILED_MLP_RETIRED	2026-05-04	uncommitted	autoresearch seventeenth cycle	wrap Qwen3NextMLP forward with mx.compile to amortise per-layer dispatch; expected ~2-4 percent E2E if dispatch dominated MLP time	speedup	1.027	1.0	0.027	higher	diagnostic	/tmp/probe_compile_qmlp.py	Synthetic Qwen3.5-shape MLP at B=52 4-bit: uncompiled 5.6951 ms vs compiled 5.5464 ms = 1.027x speedup (2.7 percent). Across 64 MLP calls per decode step the projected E2E delta is ~0.5 percent (below warm-decode oracle noise floor of ~0.5 percent on 207 tok/s). Patch retired. mx.compile cannot fuse across the 3 heavy quantized_matmul kernels in MLP; only the small SwiGLU activation between them (which is already fused via _precise_swiglu's existing @mx.compile). Reaffirms cycle 16 finding: no local lift on the existing lever set.
AR_C18_COMPILED_QMM_RETIRED	2026-05-04	uncommitted	autoresearch eighteenth cycle	wire mx.compile through mx.quantized_matmul directly with weight/scales/biases as compile arguments to capture per-MLP dispatch save	speedup	1.019	1.0	0.019	higher	diagnostic	/tmp/probe_compile_qmlp_v2.py	Synthetic Qwen3.5-shape MLP at B=52 4-bit with mx.quantized_matmul direct: 2.0776 ms uncompiled vs 2.0381 ms compiled = 1.019x (1.9 percent). Correctness bit-exact (max-abs = 0.00e+00). Across 64 MLPs per decode step the projected E2E delta is ~1 percent, below warm-decode oracle noise floor. Even smaller than cycle 17's 1.027x baseline because the dispatch overhead isn't where time is going at production scale. Confirms cycle-17 conclusion: mx.compile on quantized linears at production B does not move the running-best.
AR_C19_EXTENDED_COVERAGE	2026-05-04	uncommitted	autoresearch nineteenth cycle	extend C.5 beta.2 top-b coverage probe to b in {1, 4, 8, 16, 32, 64, 128, 256, 512, 1000}; user authorised research loop to push accept rate from 9 percent to 40 percent	coverage_at_64	0.4051	0.4	0.013	higher	diagnostic	plans/P6_C5_DDTREE/extended_coverage_probe.jsonl	Coverage curve at the production target/drafter pairing (mlx-community/Qwen3.5-27B-4bit x Qwen/Qwen3.5-0.8B): @1=0.063 / @4=0.143 / @8=0.198 / @16=0.258 / @32=0.341 / @64=0.4051 / @128=0.499 / @256=0.605 / @512=0.703 / @1000=0.767. Rank stats: p25=15 / median=129 / p75=848 / p95+=outside-top-1000 (~23 percent tail). Coverage at 64 crosses the 40 percent user threshold; tree-spec at b=64 has structural headroom. Cycle 20 will measure verify-cost scaling to decide between tree-spec implementation (cycle 21+) vs drafter-side distillation research (cycles 22+).
AR_C20_VERIFY_COST_SUBLINEAR	2026-05-04	uncommitted	autoresearch twentieth cycle	measure target verify cost vs k on Qwen3.5-27B-4bit at warm cache T_kv=128; tree-spec viability decision	verify_cost_p50_ms_k64	188.81	60.12	2.140	lower	diagnostic	plans/P6_C5_DDTREE/verify_cost_probe.jsonl	Verify cost is highly sub-linear: k=1 -> 60.12 ms / k=64 -> 188.81 ms = 3.14x cost for 64x tokens. Per-token verify drops 20x (60ms -> 2.95ms) from k=1 to k=64. The k=8 to k=64 plateau (164 -> 188 ms = +14 percent absolute) shows weights-bandwidth + DeltaNet state dominance over k-dependent attention compute. Tree-spec at b=64 is computationally feasible. Cycle 21 will pursue building minimal tree-spec OR drafter-side improvements first.
AR_C21_DRAFTER_SURVEY_CLOSED	2026-05-04	uncommitted	autoresearch twenty-first cycle	survey off-the-shelf drafter candidates (Qwen3.5-4B, NexVeridian Qwen3.5-27B-3bit) against the cycle-19 0.8B baseline; check whether scaling/architecture-alignment lifts coverage@1 above the 6.3 percent baseline	max_coverage_at_1	0.080	0.063	0.270	higher	diagnostic	plans/P6_C5_DDTREE/coverage_qwen3_5_4b.jsonl plans/P6_C5_DDTREE/coverage_qwen3_5_27b_3bit.jsonl	Three drafter candidates measured against 4-bit target. Coverage@1: 0.063 (0.8B) / 0.074 (4B) / 0.080 (27B-3bit). Coverage@64: 0.405 (0.8B) / 0.391 (4B) / 0.393 (27B-3bit). Drafter scaling and architecture-alignment produce only 27 percent relative lift on @1 (still 8 percent absolute). The 4-bit target distribution is the structural bottleneck regardless of drafter choice. Confirms cycle-1 reorientation finding. Drafter arm closed; tree-spec at b=64 (40.5 percent ceiling per cycle 19) is the only remaining path to the user's >40 percent goal. 0.8B stays canonical drafter for any tree-spec implementation given its 3x lower cost vs 27B-3bit.
AR_C22_TREE_SPEC_DESIGN	2026-05-04	uncommitted	autoresearch twenty-second cycle	design-only — propose 3 paths: minimal tree-spec build (5 days, +30 percent at B=52 projected); distillation drafter training (multi-day, biggest upside); close research with cycle 19-21 findings	design_only_decision_pending	1	0	0	higher	diagnostic	plans/P6_AUTORESEARCH/REPORT_KERNEL_CYCLE_22.md	Cycle 22 is a no-code design report. Cycles 19-21 produced substantive findings: coverage@64=40.5 percent, verify cost sub-linear, drafter scale doesn't help. The user's research question (can we hit 40 percent accept rate?) has a yes-answer via b=64 tree-spec. Whether to invest 5 working days building it OR train distillation drafter (multi-day, GPU train budget) OR close research is the user decision point.
AR_C23_BATCHED_VERIFY_COST_DEAD_END	2026-05-04	uncommitted	autoresearch twenty-third cycle	measure target verify cost at B in {1, 4, 16, 52} k in {1, 4, 16, 64} to validate the cycle-22 270 tok/s projection	verify_cost_p50_ms_b52_k64	8105	189	41.9	lower	discard	plans/P6_C5_DDTREE/batched_verify_cost.jsonl	Critical negative for spec-decode: verify cost at B=52 k=64 = 8105 ms = 42x of B=1 k=64 = 189 ms. Cost matrix shows B and k multiply (not add). Cycle 22's 270 tok/s projection used B=1 cost (190 ms) and is wrong. Tree-spec at B=52 b=64 produces only 10 tok/s aggregate (vs 206 plain). Linear-spec at B=52 produces ~10 tok/s aggregate. NO B regime in {1, 4, 16, 52} where spec-decode improves on plain decode on this stack. The 40 percent accept rate is structurally feasible (cycle 19) but the verify-cost wall at high B prevents throughput gain. C14 v10+bf16 stack at 206 envelope / 232 ceiling stands as the load-bearing deliverable. Cycles 19-23 close the spec-decode research thread.
AR_C24_MLX_PIN_HARDENED	2026-05-04	uncommitted	autoresearch twenty-fourth cycle	pin default project lock to the final-report safe MLX stack after discovering uv.lock still resolved to the known-bad 0.31.2/0.31.3 stack	test_p2_preload_parity_pass_count	3	1	2.0	higher	keep	plans/P6_AUTORESEARCH/REPORT_KERNEL_CYCLE_24.md	pyproject.toml now pins mlx==0.31.1, mlx-lm==0.31.2, and mlx-metal==0.31.1 on Darwin; uv.lock regenerated from mlx 0.31.2 / mlx-lm 0.31.3 / mlx-metal 0.31.2 down to the safe stack. Default uv run now reports packaging 26.1, mlx 0.31.1, mlx-lm 0.31.2, mlx-metal 0.31.1. uv run pytest tests/test_p2_preload_parity.py -q passes 3/3 after removing a stale malformed packaging-26.2.dist-info directory from .venv. This is a measurement-foundation keep, not a throughput keep.
AR_C25_B52_REVERIFY_UV_MISS	2026-05-04	uncommitted	autoresearch twenty-fifth cycle	reverify cycle-14 B=52 v10+bf16 running-best under default uv path before opening the 40 GB cliff probe	decode_tok_s	185.30	206.2	-0.101	higher	diagnostic	plans/P6_AUTORESEARCH/c25_b52_reverify.jsonl	3 uv-run reproductions: 185.5 / 187.1 / 183.3 tok/s, mean 185.3 +/- 1.9, peak ~35 GB. Same pinned MLX versions as conda but ~10 percent slower; invalid as the P-6 perf measurement path until attributed.
AR_C25_B52_REVERIFY_CONDA_MISS	2026-05-04	uncommitted	autoresearch twenty-fifth cycle	reverify cycle-14 B=52 v10+bf16 running-best under conda python control path	decode_tok_s	200.14	206.2	-0.029	higher	diagnostic	plans/P6_AUTORESEARCH/c25_b52_python_recheck.jsonl	3 conda reproductions: 205.5 / 201.3 / 193.6 tok/s, mean 200.1 +/- 6.0, peak 35.52 GB. First run nearly matches the old line, then drifts. Instrumentation found fa_v10_calls=0 before cycle-26 repair because Qwen3.5 activations are bf16 and shadow_install only allowed fp16 queries.
AR_C26_BF16_FA_KERNEL	2026-05-04	uncommitted	autoresearch twenty-sixth cycle	add bf16-native vectorized v8/v10 FA-decode Metal sources and allow v10 shadow install on bf16 Qwen3.5 activations	fa_bf16_speedup_t512	1.37	1.0	0.37	higher	keep	plans/P6_AUTORESEARCH/REPORT_KERNEL_CYCLE_26.md	Focused tests pass 55/55. v10 fires on production 27B decode after patch (fa_v10_calls=16 on 2 generated tokens). B=52 bf16 gated microbench speedups vs MLX: T128 2.14x, T256 1.63x, T512 1.37x, T1024 1.28x with max-abs <=2.44e-4. Kernel/microbench keep; shadow flag remains default OFF.
AR_C26_BF16_FA_E2E_B52	2026-05-04	uncommitted	autoresearch twenty-sixth cycle	end-to-end B=52 with bf16-native FA-decode path after cycle-26 repair; test whether microbench win restores strict-envelope running-best	decode_tok_s	197.05	206.2	-0.044	higher	diagnostic	plans/P6_AUTORESEARCH/c26_b52_bf16_fa_run1.jsonl	2 runs: 204.0 / 190.0 tok/s, mean 197.0; peak 35.52 GB. Does not clear the 207.7 tok/s keep threshold and is too noisy for a primary-metric keep. Treat as E2E diagnostic only; next run should start from a clean/cool machine state before 40 GB cliff profiling.
AR_C27_V10_ATTRIBUTION_CORRECTION	2026-05-04	uncommitted	autoresearch twenty-seventh cycle	merge codex review (opus-codex branch); verify bf16 v10 path actually fires; re-measure B=52 with and without v10 to isolate kernel contribution	decode_tok_s_b52_v10_minus_bf16only	0.5	0	inf	higher	keep_revision	plans/P6_AUTORESEARCH/REPORT_KERNEL_CYCLE_27.md	Codex (GPT-5.5) review found cycle-12 dtype defect: shadow_install checked queries.dtype == mx.float16 but Qwen3.5-27B-4bit decode is bf16. v10 never fired in cycles 12/14/15+ E2E. Codex landed bf16-native v10 source + admitted bf16 in shadow path. Cycle 27 verified post-merge: v10 fires correctly (16 calls per decode step). B=52 reverify with v10 firing (n=5): 204.7 +/- 1.2. B=52 bf16-only baseline (n=3): 204.2 +/- 1.1. Delta = +0.5 tok/s = within noise (Δ/σ ≈ 0.3). v10 microbench wins (1.28-2.14x over mlx) do not translate to E2E at B=52 because attention is small fraction of step time. Cycle-14's claimed "+5.4 tok/s = 3.4 sigma KEEP from v10+bf16 stack" was attribution error: v10 was not firing AND small n=3 σ underestimated true run-to-run variance. Honest revised within-envelope running-best: 204.5 +/- ~1.5 tok/s at B=52 bf16 state alone, attributed to C10 axis-shift × C12 bf16 peak-save (not v10 kernel). 4.85x cycle-1 baseline (vs claimed 4.89x). (1b) milestone still cleared 3.41x.
AR_C28_B64_V10_REGRESSION	2026-05-04	uncommitted	autoresearch twenty-eighth cycle	re-measure B=64 hardware ceiling under post-merge v10 path; isolate v10 contribution at the demonstrated ceiling	decode_tok_s_b64_v10_minus_bf16only	-1.7	0	-inf	higher	keep_revision	plans/P6_AUTORESEARCH/REPORT_KERNEL_CYCLE_28.md	B=64 bf16+v10 (n=3, v10 firing): 228.4/230.8/231.5 = 230.2 +/- 1.6. B=64 bf16-only (n=3): 231.6/232.1/231.9 = 231.9 +/- 0.3. Delta = -1.7 tok/s = v10 marginally HURTS at B=64. Pooled sigma 1.63 so Delta/sigma 1.04 (within noise but consistently negative). Combined with cycle 27 B=52 result (+0.5 within noise), v10 has zero or slightly negative E2E contribution at production B in {52, 64}. Hardware ceiling corrected to bf16-only at B=64 = 231.9 +/- 0.3 tok/s (5.50x cycle-1). v10 microbench wins (1.28-2.14x over mlx) do not translate to E2E because dispatch overhead from the shadow_install Python wrapper exceeds the kernel-level savings at this B. v10 stays in inventory as correctness-validated kernel for future workloads with larger attention fraction.
AR_C29_CLIFF_ARCHITECTURAL	2026-05-04	uncommitted	autoresearch twenty-ninth cycle	probe whether the 40 GB peak cliff (B=64 -> B=66 boundary) can be moved via mx.metal.set_cache_limit / set_memory_limit / set_wired_limit	b66_tok_s	166	166.8	-0.005	higher	discard	plans/P6_AUTORESEARCH/REPORT_KERNEL_CYCLE_29.md	Three allocator-hint probes at B=66: (i) cache_limit=44 GB + memory_limit=46 GB -> 165.8 (vs default 166.8); (ii) cache_limit=1 GB forces aggressive eviction -> 166.5; (iii) wired_limit=40 GB -> OOM kIOGPUCommandBufferCallbackErrorOutOfMemory. The 40 GB peak cliff is unchanged across all settings tried = architectural, not allocator policy. Likely M5 Pro SLC threshold or unified memory bandwidth contention as resident pressure approaches 48 GB system cap. Hardware ceiling B=64 / 232 tok/s is the genuine production ceiling. To break further: mlx 0.32+ async-copy (external) or mx.compile graph-trace cache rerouting (4-6 hour integration). Autoresearch loop reaches legitimate closed state.
AR_C30_DECODE_ATTRIBUTION_B64	2026-05-04	uncommitted	autoresearch thirtieth cycle	per-step decomposition at B=64 with v10+bf16 stack to identify dominant cost component	deltanet_share_pct	87.9	74.2	0.184	higher	diagnostic	/tmp/c30_decode_attr_b64.jsonl plans/P6_AUTORESEARCH/REPORT_KERNEL_CYCLE_30.md	Per-step decomposition at B=64 (v10+bf16 stack, instrumented): DeltaNet 87.9 percent / full-attn 12.5 percent / overhead 0.3 percent. Compare cycle-1 at B=4 (DeltaNet 74.2 / full-attn 21.9 / overhead 4.0). DeltaNet share GREW from 74 to 88 percent because state R/W scales with B (144 MB per layer at fp32 / 72 MB at bf16; 48 layers x 64 batches). Per-layer cost: linear 1108 ms / full 472 ms (instrumented inflates absolute numbers but proportions are informative). Full-attention's diminishing share explains why cycle 11/14 v10 FA-decode kernel had no E2E impact: the layer family is now small fraction. DeltaNet at 88 percent is the true E2E bottleneck. mlx gated_delta_kernel uses scalar half/bf16 reads in inner loops; same v6->v7 half4 vectorization opportunity exists. Cycle 31 will write a custom silica DeltaNet kernel with bfloat4 vectorized state R/W.
AR_C31_DELTANET_V2_PARITY	2026-05-04	uncommitted	autoresearch thirty-first cycle	apply v6->v7 half4/bfloat4 vectorization to DeltaNet recurrent kernel; production shape Hk=16 Hv=48 Dk=Dv=128	deltanet_v2_speedup_b64	1.001	1.0	0.001	higher	diagnostic	silica/kernels/gated_delta_v2.py scripts/bench_gated_delta_v2.py plans/P6_AUTORESEARCH/REPORT_KERNEL_CYCLE_31.md	silica gated_delta_v2 microbench at production shape: B=4 -> 1.25x (launch-overhead-limited), B=16 -> 0.985x, B=52 -> 1.013x, B=64 -> 1.001x. Correctness PASS (3e-5 fp16 ULP at all B, matching mlx). mlx's existing gated_delta kernel is already at near-HBM-bandwidth limit on state R/W; vectorization changes load instruction count but not data volume, and load throughput isn't the bottleneck. The cycle-11 v6->v7 trick that gave 1.4-1.7x on FA-decode does not transfer to DeltaNet. Cycle 30's identification of DeltaNet as 87.9 percent share at B=64 does NOT yield a reachable kernel lever. Cycle 1-29 ceiling stands.
AR_C33_B52_VARIANCE_CHARACTERIZATION	2026-05-04	uncommitted	autoresearch thirty-third cycle	characterize between-session variance at B=52 bf16-only running-best	combined_b52_bf16_sigma	0.83	1.5	-0.45	lower	diagnostic	plans/P6_AUTORESEARCH/REPORT_KERNEL_CYCLE_33.md	6 reps across 2 sessions: cycle 27 (205.0/204.6/202.9 = 204.2 +/- 1.1) + cycle 33 (203.0/203.8/203.2 = 203.3 +/- 0.4). Combined mean 203.75 +/- 0.83 in same uv environment with warm cache. Within-session sigma 0.4-1.1, between-session drift 0.9, total combined ~1 tok/s. Codex c25's 185.3 likely cold-start / env anomaly. Honest running-best: B=52 bf16-only = 204 +/- 1 tok/s (n=6).
AR_C34_MOE_PORTABILITY_KEEP	2026-05-04	uncommitted	autoresearch thirty-fourth cycle	apply cycles 12+13 bf16-state and axis-shift levers to MoE 35B-A3B-4bit; test methodology portability across Qwen3.5 family	moe_b64_bf16_tok_s	464.4	188.5	1.464	higher	keep_secondary	plans/P6_AUTORESEARCH/REPORT_KERNEL_CYCLE_34.md	NEW MoE secondary-track running-best: 464.4 tok/s at B=64 with bf16 DeltaNet state (peak 33.8 GB within 36 GB envelope). 2.46x cycle-1 MoE B=4 baseline of 188.5. B-sweep: 181 (B=4) -> 242 (B=8) -> 306 (B=16) -> 385 (B=32) -> 434 (B=48) -> 464 (B=64) -> 448 (B=80, regression past ~37 GB cliff). Cycles 12+13 levers transfer cleanly via inherited Qwen3_5MoeAdapter and shared gated_delta module shadow patch. Per AR.md secondary-track classification; primary dense 27B running-best (204 envelope / 232 hardware) unchanged. Validates cycles 12+13 methodology is generalisable across Qwen3.5 family, not dense-27B-specific.
AR_C35_MOE_B64_REPRO	2026-05-04	uncommitted	autoresearch thirty-fifth cycle	tighten cycle-34 MoE B=64 within-envelope KEEP with 2 additional reproductions for sigma characterisation	moe_b64_bf16_tok_s_n3	464.1	464.4	-0.001	higher	diagnostic	/tmp/c35_moe_b64_run2.jsonl /tmp/c35_moe_b64_run3.jsonl	2 fresh-session reps add to cycle-34 run-1 (464.4): run-2 = 464.7, run-3 = 463.3. Combined n=3 mean 464.1 +/- 0.7 (extremely tight sigma). Confirms cycle-34 B=64 within-envelope KEEP at 33.8 GB peak. MoE secondary-track running-best within strict 36 GB envelope stays at B=64 = 464.1 +/- 0.7 tok/s.
AR_C35_MOE_B128_HARDWARE_KEEP	2026-05-04	uncommitted	autoresearch thirty-fifth cycle	push MoE B-axis past cycle-34 within-envelope cap with bf16 state lever; expert routing amortisation may unlock at high B	moe_b128_bf16_tok_s	791.8	188.5	3.200	higher	keep_secondary	plans/P6_AUTORESEARCH/REPORT_KERNEL_CYCLE_35.md	NEW MoE secondary-track running-best at hardware ceiling: 791.8 +/- 5.2 tok/s at B=128 with bf16 DeltaNet state (peak 47.96 GB at 48 GB hardware ceiling). 4.20x cycle-1 MoE B=4 baseline of 188.5. 1.71x cycle-34 B=64 within-envelope KEEP. n=3 reps: 785.8 / 794.5 / 795.0. Per-row throughput non-monotonic: 7.25 (B=64) -> 6.17 (B=72) -> 5.60 (B=80) -> 4.87 (B=96) -> 6.18 (B=128) -- expert routing utilisation crosses amortisation threshold near B=128 (8 of 256 experts active per token; ~4 activations/expert/step at B=128 vs 2 at B=64). MoE has fundamentally different B-scaling structure than dense 27B (no 40 GB cliff in same place because expert sparsity bypasses dense activation pressure). Largest absolute throughput in 33-cycle research effort. AR.md MoE secondary-track classification applies; primary dense 27B running-best (204 envelope / 232 hardware) unchanged.
AR_C34_MOE_B4_BF16	2026-05-04	uncommitted	autoresearch thirty-fourth cycle	MoE B=4 with bf16 DeltaNet state to verify lever activation at cycle-1 baseline	moe_decode_tok_s	181.4	188.5	-0.038	higher	diagnostic	plans/P6_AUTORESEARCH/REPORT_KERNEL_CYCLE_34.md	0.96x baseline (within noise); confirms bf16 state lever fires through inherited Qwen3_5MoeAdapter
AR_C34_MOE_B8	2026-05-04	uncommitted	autoresearch thirty-fourth cycle	MoE B=8 with bf16 state	moe_decode_tok_s	242.0	188.5	0.284	higher	diagnostic	plans/P6_AUTORESEARCH/REPORT_KERNEL_CYCLE_34.md	1.28x baseline; B-sweep step
AR_C34_MOE_B16	2026-05-04	uncommitted	autoresearch thirty-fourth cycle	MoE B=16 with bf16 state	moe_decode_tok_s	306.3	188.5	0.625	higher	diagnostic	plans/P6_AUTORESEARCH/REPORT_KERNEL_CYCLE_34.md	1.62x baseline; B-sweep step
AR_C34_MOE_B32	2026-05-04	uncommitted	autoresearch thirty-fourth cycle	MoE B=32 with bf16 state	moe_decode_tok_s	384.8	188.5	1.041	higher	diagnostic	plans/P6_AUTORESEARCH/REPORT_KERNEL_CYCLE_34.md	2.04x baseline; B-sweep step
AR_C34_MOE_B48	2026-05-04	uncommitted	autoresearch thirty-fourth cycle	MoE B=48 with bf16 state	moe_decode_tok_s	434.3	188.5	1.304	higher	diagnostic	plans/P6_AUTORESEARCH/REPORT_KERNEL_CYCLE_34.md	2.30x baseline; B-sweep step approaching 36 GB envelope
AR_C34_MOE_B64	2026-05-04	uncommitted	autoresearch thirty-fourth cycle	MoE B=64 with bf16 state -- first cross of 460+ at 33.8 GB peak; within-envelope KEEP	moe_decode_tok_s	464.4	188.5	1.464	higher	keep	plans/P6_AUTORESEARCH/REPORT_KERNEL_CYCLE_34.md	2.46x baseline; cycle-34 single rep within 36 GB envelope (peak 33.8 GB); first MoE secondary KEEP
AR_C34_MOE_B80	2026-05-04	uncommitted	autoresearch thirty-fourth cycle	MoE B=80 with bf16 state -- past ~37 GB cliff	moe_decode_tok_s	447.9	464.4	-0.036	higher	discard	plans/P6_AUTORESEARCH/REPORT_KERNEL_CYCLE_34.md	mild regression past ~37 GB peak; B=64 stays envelope KEEP
AR_C35_MOE_B72	2026-05-04	uncommitted	autoresearch thirty-fifth cycle	MoE B=72 cliff bracketing	moe_decode_tok_s	444.5	464.4	-0.043	higher	discard	plans/P6_AUTORESEARCH/REPORT_KERNEL_CYCLE_35.md	mild dip below B=64 KEEP at peak 35.5 GB
AR_C35_MOE_B96	2026-05-04	uncommitted	autoresearch thirty-fifth cycle	MoE B=96 with bf16 state -- recovery probe	moe_decode_tok_s	467.1	464.4	0.006	higher	diagnostic	plans/P6_AUTORESEARCH/REPORT_KERNEL_CYCLE_35.md	within noise of B=64 KEEP; partial recovery from B=72/80 dip; per-row 4.87
AR_C35_MOE_B128	2026-05-04	uncommitted	autoresearch thirty-fifth cycle	MoE B=128 with bf16 state -- expert routing amortisation unlock; hardware-ceiling KEEP at 48 GB	moe_decode_tok_s	791.8	464.4	0.705	higher	keep	plans/P6_AUTORESEARCH/REPORT_KERNEL_CYCLE_35.md	4.20x MoE C1 baseline; 1.71x cycle-34 B=64 KEEP; n=3 reps 785.8/794.5/795.0 sigma 5.2; peak 47.96 GB at 48 GB hardware ceiling; expert utilisation ~4 activations/expert/step at B=128 vs 2 at B=64
